depth,gate_count,cx_count,remote_gate_count,teleportation_count,bell_fidelity,latency,waiting_time,link_loss,ideal_counts,noisy_counts,output_fidelity
5,9,0,0,0,0.944,24.76,33.45,0.162,"{'0000': 602, '0100': 422}","{'0000': 574, '0100': 450}",0.9727
9,21,1,1,1,0.977,18.88,13.02,0.118,"{'0001': 15, '1100': 533, '1000': 22, '0101': 454}","{'0010': 2, '0111': 6, '0110': 3, '1010': 5, '1011': 2, '1101': 22, '1111': 16, '0000': 4, '0011': 2, '0001': 33, '1100': 445, '0100': 19, '1001': 10, '1000': 39, '1110': 20, '0101': 396}",0.8574
5,17,0,0,0,0.866,89.58,10.96,0.188,"{'1111': 96, '1101': 2, '0010': 37, '0101': 2, '0100': 1, '1100': 4, '1000': 4, '1110': 271, '0111': 267, '0011': 120, '1010': 142, '0110': 78}","{'1011': 2, '0101': 4, '0110': 64, '1111': 74, '0001': 4, '0011': 97, '0111': 267, '0100': 1, '1100': 5, '1000': 2, '1110': 327, '0010': 34, '1010': 143}",0.9355
10,23,0,0,0,0.984,61.79,34.44,0.039,"{'0101': 11, '1101': 431, '1111': 1, '0011': 3, '0001': 1, '1000': 1, '1110': 17, '1100': 3, '1010': 246, '1001': 18, '1011': 284, '0010': 8}","{'1000': 10, '0001': 5, '0011': 10, '0101': 19, '0010': 1, '0111': 2, '0110': 15, '1100': 15, '0100': 3, '1010': 229, '1110': 41, '1001': 33, '1011': 212, '1111': 12, '1101': 417}",0.8926
10,19,0,0,0,0.946,20.07,11.81,0.05,"{'0000': 46, '1001': 33, '0001': 83, '0100': 41, '1100': 144, '1000': 140, '0101': 84, '1111': 20, '0011': 220, '0111': 213}","{'1110': 5, '0110': 11, '0000': 49, '1001': 29, '0101': 72, '0010': 15, '1010': 6, '1011': 20, '0011': 215, '0001': 91, '0100': 51, '1100': 138, '1000': 118, '1101': 14, '1111': 27, '0111': 163}",0.9033
9,25,0,0,0,0.951,35.19,14.93,0.092,"{'1101': 4, '0000': 230, '1001': 100, '1100': 5, '1000': 114, '0101': 159, '0100': 224, '0001': 188}","{'1011': 5, '0110': 14, '1111': 8, '1101': 17, '1010': 7, '1001': 104, '0101': 171, '0001': 176, '0011': 5, '0111': 5, '1100': 14, '0100': 170, '0000': 190, '0010': 10, '1110': 2, '1000': 126}",0.8965
6,10,0,0,0,0.87,8.29,7.14,0.009,"{'0000': 12, '1000': 1012}","{'0111': 1, '1100': 2, '0100': 1, '1011': 4, '0101': 3, '1111': 16, '1101': 10, '0110': 1, '0001': 8, '1001': 15, '1010': 35, '0010': 20, '0000': 45, '1110': 1, '1000': 862}",0.8535
8,17,1,1,1,0.897,33.47,25.68,0.036,"{'0101': 6, '0011': 59, '1111': 68, '0001': 2, '0100': 13, '1000': 344, '1101': 21, '0010': 2, '0000': 509}","{'1110': 2, '1001': 7, '0101': 10, '0110': 2, '0011': 44, '0001': 11, '0100': 22, '1101': 21, '1111': 68, '0000': 481, '0010': 3, '1000': 353}",0.958
10,20,0,0,0,0.909,15.93,23.49,0.138,"{'0110': 3, '0101': 47, '1011': 185, '0100': 32, '1100': 151, '1000': 113, '1110': 56, '0001': 42, '0011': 30, '0111': 29, '1101': 12, '1111': 72, '0010': 39, '0000': 67, '1001': 108, '1010': 38}","{'0110': 19, '1000': 104, '0111': 44, '0011': 41, '0001': 51, '1111': 52, '1101': 23, '1010': 55, '0101': 48, '0010': 25, '0000': 52, '1110': 58, '0100': 27, '1100': 145, '1001': 101, '1011': 179}",0.9199
9,14,0,0,0,0.989,78.56,40.15,0.154,"{'0000': 530, '0010': 494}","{'1001': 10, '1011': 9, '1101': 11, '1111': 15, '0101': 13, '1000': 38, '1110': 12, '0100': 51, '1100': 21, '1010': 45, '0111': 16, '0001': 17, '0011': 22, '0110': 49, '0000': 330, '0010': 365}",0.6787
8,14,0,0,0,0.935,87.75,37.17,0.038,"{'0000': 235, '1000': 283, '0001': 252, '1001': 254}","{'1110': 4, '0010': 6, '1011': 8, '1111': 4, '1101': 18, '1010': 7, '0101': 16, '0110': 4, '0001': 239, '1100': 15, '0100': 14, '0000': 214, '1000': 228, '1001': 247}",0.9062
10,20,0,0,0,0.935,48.75,11.27,0.1,"{'0100': 321, '0001': 210, '0000': 286, '0101': 207}","{'1011': 5, '1010': 13, '0111': 11, '1111': 4, '1101': 5, '1001': 7, '1110': 8, '1000': 4, '0100': 267, '1100': 11, '0110': 10, '0011': 4, '0001': 193, '0010': 12, '0000': 283, '0101': 187}",0.9082
9,16,1,1,1,0.918,61.57,44.38,0.172,{'0000': 1024},"{'1110': 3, '0111': 1, '1011': 2, '1001': 17, '0101': 32, '0100': 42, '1100': 16, '1000': 35, '1010': 10, '0011': 3, '0001': 30, '0110': 13, '1101': 8, '1111': 16, '0010': 30, '0000': 766}",0.748
5,11,0,0,0,0.959,58.82,7.23,0.065,{'0000': 1024},"{'1001': 6, '0001': 8, '0100': 8, '1100': 8, '1000': 15, '0000': 979}",0.9561
11,18,0,0,0,0.968,37.92,44.17,0.058,"{'0100': 340, '1110': 74, '1000': 62, '0110': 114, '0010': 434}","{'0111': 1, '1001': 2, '1011': 15, '0001': 1, '0011': 19, '0101': 10, '1111': 3, '1101': 14, '1010': 2, '0110': 107, '1100': 3, '0100': 316, '1110': 79, '1000': 71, '0000': 13, '0010': 368}",0.9053
7,12,0,0,0,0.878,46.22,47.39,0.168,{'0000': 1024},"{'0011': 1, '0001': 5, '0110': 11, '1011': 8, '0111': 5, '0101': 25, '1101': 10, '1010': 28, '1110': 7, '1000': 38, '1100': 28, '0100': 40, '0010': 28, '0000': 790}",0.7715
5,9,0,0,0,0.859,66.15,6.93,0.044,{'0000': 1024},"{'1101': 1, '0111': 1, '0011': 9, '1001': 24, '0110': 1, '0100': 23, '0001': 49, '1000': 17, '0101': 26, '0010': 6, '0000': 867}",0.8467
7,18,0,0,0,0.958,20.05,19.23,0.122,"{'0000': 2, '1000': 4, '0100': 3, '1100': 4, '0010': 21, '1110': 33, '1011': 37, '1010': 37, '1001': 199, '0101': 178, '0111': 15, '1101': 192, '1111': 42, '0001': 219, '0011': 25, '0110': 13}","{'1100': 3, '0100': 2, '1000': 5, '0010': 10, '1010': 30, '1110': 29, '0000': 7, '1001': 230, '1011': 44, '0111': 10, '1101': 202, '1111': 30, '0011': 20, '0001': 217, '0110': 20, '0101': 165}",0.9404
8,14,0,0,0,0.858,55.08,47.56,0.172,"{'0001': 9, '0010': 24, '0000': 991}","{'1001': 3, '0101': 7, '1101': 2, '0001': 20, '0011': 5, '1010': 8, '0110': 10, '0100': 25, '1100': 11, '1000': 26, '0010': 33, '0000': 874}",0.8857
10,16,0,0,0,0.861,24.41,42.87,0.006,"{'0001': 33, '0100': 473, '0101': 35, '0000': 483}","{'1011': 5, '1101': 5, '1111': 2, '0111': 11, '1010': 13, '1000': 30, '0100': 370, '1100': 16, '1110': 19, '0011': 5, '0001': 57, '0110': 36, '0101': 50, '0010': 16, '0000': 376, '1001': 13}",0.7949
11,39,0,0,0,0.906,68.76,14.52,0.021,"{'1110': 28, '0010': 27, '1000': 5, '0111': 60, '0001': 151, '0011': 87, '1101': 96, '1111': 37, '0110': 12, '1011': 56, '0000': 105, '1010': 47, '0100': 80, '1100': 9, '1001': 168, '0101': 56}","{'0110': 10, '1000': 6, '1111': 45, '1101': 74, '1110': 30, '1010': 45, '1011': 65, '0001': 135, '0011': 92, '0111': 64, '1001': 164, '1100': 17, '0100': 74, '0010': 47, '0000': 122, '0101': 34}",0.9277
6,10,0,0,0,0.924,82.72,21.97,0.124,"{'0010': 116, '0111': 908}","{'1010': 2, '1110': 3, '0110': 10, '0010': 118, '0111': 854, '0011': 13, '1111': 13, '1011': 11}",0.9473
6,15,0,0,0,0.876,6.21,36.7,0.128,"{'1010': 29, '1110': 490, '0010': 22, '0110': 483}","{'1011': 10, '0010': 15, '1111': 2, '0011': 13, '0111': 3, '1010': 22, '1110': 465, '0110': 494}",0.9619
6,11,0,0,0,0.995,88.09,36.37,0.082,"{'0001': 182, '0011': 842}","{'1011': 19, '1001': 7, '0001': 171, '1101': 5, '0101': 4, '0111': 13, '1111': 19, '0011': 786}",0.9346
10,13,0,0,0,0.967,28.32,21.63,0.167,{'0000': 1024},"{'0111': 2, '1110': 10, '1011': 9, '1111': 6, '1101': 6, '1001': 48, '0001': 99, '0011': 33, '1010': 38, '0110': 15, '1100': 29, '0100': 43, '0101': 16, '1000': 103, '0010': 65, '0000': 502}",0.4902
5,12,0,0,0,0.99,38.89,10.96,0.113,"{'1001': 1, '0001': 27, '1101': 21, '0101': 975}","{'1001': 1, '0001': 28, '0101': 970, '1101': 25}",0.9951
5,11,1,1,1,0.916,10.16,32.5,0.043,{'0000': 1024},"{'1010': 1, '1011': 5, '0111': 1, '1111': 5, '1001': 14, '1110': 2, '0100': 24, '0110': 13, '1101': 16, '0010': 25, '0000': 918}",0.8965
10,17,1,0,0,0.85,85.68,15.42,0.15,"{'1000': 1, '1010': 4, '1110': 3, '0100': 4, '1100': 1, '0001': 1, '0101': 20, '0111': 11, '1111': 100, '1101': 185, '0010': 125, '0000': 193, '1011': 239, '1001': 137}","{'0110': 3, '1110': 11, '0001': 3, '0011': 4, '0101': 10, '1100': 5, '0100': 4, '1000': 11, '1010': 10, '1001': 123, '1011': 221, '0010': 116, '0000': 193, '1111': 110, '1101': 179, '0111': 21}",0.9443
5,11,1,1,1,0.874,40.08,38.85,0.02,"{'0010': 640, '0110': 384}","{'0101': 8, '1011': 2, '0110': 374, '0001': 6, '1111': 5, '0111': 2, '0011': 5, '1100': 2, '1000': 8, '0010': 612}",0.9629
8,17,0,0,0,0.974,17.82,6.09,0.051,"{'0001': 16, '0011': 15, '0010': 11, '0000': 13, '1000': 250, '1011': 242, '1001': 242, '1010': 235}","{'1110': 7, '0101': 6, '0111': 8, '0100': 3, '1100': 7, '1101': 4, '1111': 8, '0001': 17, '0011': 28, '0000': 39, '0010': 29, '0110': 3, '1000': 214, '1010': 230, '1001': 210, '1011': 211}",0.8984
8,14,1,1,1,0.939,44.24,29.83,0.112,{'0000': 1024},"{'0111': 3, '1101': 10, '1111': 2, '1001': 5, '0110': 16, '0001': 22, '0011': 11, '1011': 5, '1000': 29, '1110': 42, '1100': 48, '0100': 63, '1010': 30, '0000': 678, '0010': 46, '0101': 14}",0.6621
6,10,0,0,0,0.956,17.28,27.79,0.049,{'0000': 1024},"{'0100': 8, '0001': 2, '1000': 3, '1100': 12, '0101': 3, '0000': 996}",0.9727
11,19,0,0,0,0.961,7.75,14.55,0.1,"{'0100': 132, '0010': 172, '0000': 389, '0110': 331}","{'0111': 5, '1000': 16, '1101': 23, '1111': 9, '1011': 18, '0101': 5, '1001': 17, '1100': 9, '0100': 113, '0110': 293, '0011': 3, '0001': 17, '1010': 17, '1110': 16, '0010': 146, '0000': 317}",0.8486
10,19,0,0,0,0.854,88.5,20.62,0.001,"{'0000': 498, '0100': 526}","{'1001': 4, '1011': 10, '1110': 10, '1010': 12, '0100': 385, '1100': 43, '1000': 34, '0010': 24, '0000': 384, '0101': 22, '1101': 4, '1111': 5, '0111': 16, '0011': 18, '0001': 19, '0110': 34}",0.751
7,14,0,0,0,0.865,75.93,34.02,0.187,"{'0111': 31, '0011': 115, '0010': 640, '0110': 238}","{'1001': 1, '1011': 3, '1000': 8, '1110': 5, '1111': 8, '1101': 2, '1010': 6, '0101': 6, '0001': 14, '0011': 110, '0111': 28, '0110': 229, '1100': 1, '0100': 20, '0000': 30, '0010': 553}",0.8984
11,22,0,0,0,0.94,91.88,47.38,0.013,"{'1001': 2, '1110': 1, '1101': 6, '1111': 10, '0111': 20, '1011': 47, '0010': 1, '0000': 32, '0101': 433, '1010': 177, '0110': 13, '0001': 22, '0100': 260}","{'1101': 2, '1111': 12, '0111': 19, '0000': 21, '1011': 43, '1010': 193, '0110': 9, '0100': 303, '0001': 27, '1110': 3, '0101': 392}",0.9336
10,20,0,0,0,0.982,97.87,13.76,0.076,"{'1110': 242, '1010': 266, '0000': 5, '0010': 261, '0100': 1, '0110': 249}","{'1001': 8, '1000': 11, '0011': 8, '0001': 7, '1111': 14, '1101': 4, '0101': 14, '0100': 24, '1100': 16, '1110': 221, '1010': 181, '1011': 12, '0111': 13, '0110': 243, '0000': 31, '0010': 217}",0.8477
11,20,0,0,0,0.969,25.8,19.83,0.183,"{'1000': 8, '0000': 48, '0100': 180, '1100': 788}","{'1101': 7, '0111': 5, '1111': 6, '0101': 2, '0010': 1, '0000': 44, '0110': 1, '0100': 188, '1110': 12, '1000': 6, '1100': 752}",0.959
11,17,0,0,0,0.923,59.13,28.24,0.196,"{'1100': 247, '0000': 253, '1000': 275, '0100': 249}","{'0110': 2, '1110': 3, '1011': 7, '1010': 6, '0111': 12, '1101': 31, '1111': 23, '0001': 54, '0011': 7, '1001': 55, '0101': 52, '1100': 199, '0100': 183, '1000': 183, '0010': 6, '0000': 201}",0.748
8,16,1,0,0,0.933,7.62,24.7,0.069,"{'1000': 285, '1010': 111, '1011': 101, '0010': 121, '0000': 284, '0011': 122}","{'0111': 2, '0110': 3, '0101': 4, '1001': 4, '1101': 2, '1111': 7, '0001': 2, '0011': 118, '1011': 108, '1010': 130, '0010': 110, '0000': 284, '0100': 2, '1100': 2, '1000': 246}",0.9473
9,20,1,1,1,0.864,99.59,7.34,0.146,"{'1111': 3, '1010': 145, '1101': 24, '1001': 62, '1011': 90, '1110': 94, '1100': 56, '1000': 57, '0000': 134, '0010': 359}","{'0111': 1, '0101': 4, '1101': 17, '1111': 23, '1010': 122, '1001': 62, '1011': 68, '0011': 4, '0001': 5, '1100': 71, '0100': 25, '0110': 33, '1110': 96, '1000': 59, '0000': 123, '0010': 311}",0.8916
8,17,0,0,0,0.884,96.46,37.22,0.051,"{'1010': 6, '1001': 1, '0011': 105, '0110': 88, '0001': 320, '0010': 299, '0000': 114, '1100': 3, '1110': 3, '1000': 2, '0101': 83}","{'1001': 1, '1000': 3, '1011': 2, '1101': 2, '1010': 5, '0101': 69, '0100': 15, '1100': 2, '1110': 3, '0110': 76, '0011': 118, '0001': 305, '0000': 131, '0010': 275, '0111': 17}",0.9346
7,14,0,0,0,0.899,53.99,12.78,0.061,"{'1000': 488, '1100': 536}","{'0000': 1, '0110': 1, '1011': 1, '1001': 3, '0101': 4, '1010': 10, '0111': 5, '0010': 4, '0100': 4, '1100': 458, '1000': 504, '1110': 18, '0011': 1, '0001': 4, '1101': 6}",0.9238
11,26,0,0,0,0.953,75.83,44.14,0.071,"{'1000': 10, '0110': 9, '1010': 25, '0000': 29, '1100': 3, '0100': 100, '0011': 285, '0001': 38, '1110': 4, '0101': 74, '1001': 15, '1111': 72, '1101': 63, '0111': 269, '0010': 5, '1011': 23}","{'1001': 10, '1000': 13, '1110': 6, '1011': 23, '1111': 75, '1101': 71, '1010': 24, '0001': 45, '0011': 299, '0111': 246, '0101': 68, '0010': 18, '0000': 41, '0110': 11, '0100': 74}",0.9375
6,12,0,0,0,0.887,58.08,36.62,0.131,"{'1000': 340, '0000': 314, '0101': 193, '1101': 177}","{'0110': 1, '0111': 9, '1110': 8, '1010': 13, '1001': 16, '1011': 6, '0011': 2, '0001': 18, '0100': 7, '1100': 15, '1000': 293, '0101': 161, '0010': 10, '0000': 301, '1111': 4, '1101': 160}",0.8936
9,14,0,0,0,0.865,99.74,33.17,0.019,"{'0000': 93, '0001': 931}","{'1010': 2, '1110': 2, '0110': 2, '0101': 13, '1011': 10, '1001': 46, '0111': 4, '0001': 680, '0011': 40, '1111': 6, '1101': 26, '1000': 26, '0010': 18, '0000': 123, '1100': 7, '0100': 19}",0.7549
6,14,0,0,0,0.992,50.47,20.32,0.063,{'0101': 1024},"{'1011': 1, '0110': 1, '0000': 1, '1010': 1, '1000': 1, '0100': 15, '1100': 30, '1110': 13, '1001': 10, '0011': 2, '0001': 13, '0111': 28, '1111': 11, '1101': 48, '0101': 849}",0.8291
6,10,0,0,0,0.884,63.44,38.83,0.111,{'0000': 1024},"{'0110': 4, '0010': 12, '0111': 12, '1000': 41, '1011': 13, '1001': 28, '0001': 45, '0011': 8, '1111': 6, '1101': 8, '1010': 26, '1100': 12, '0100': 57, '1110': 2, '0101': 54, '0000': 696}",0.6797
7,17,0,0,0,0.929,40.06,11.54,0.19,"{'1000': 506, '0000': 518}","{'0011': 2, '0001': 7, '1011': 2, '1101': 5, '1111': 9, '1010': 4, '0111': 8, '1100': 11, '0100': 10, '0110': 5, '1110': 7, '1000': 464, '1001': 14, '0101': 4, '0010': 8, '0000': 464}",0.9062
9,20,0,0,0,0.863,10.5,46.43,0.003,"{'1001': 14, '1111': 8, '0111': 7, '1010': 10, '0001': 96, '0100': 367, '0010': 14, '0000': 508}","{'1011': 1, '0110': 7, '1110': 4, '1000': 22, '1010': 12, '1001': 25, '1101': 14, '1111': 8, '0111': 18, '0010': 18, '0000': 435, '0101': 24, '0011': 4, '0001': 109, '1100': 13, '0100': 310}",0.873
5,9,0,0,0,0.919,76.07,25.63,0.06,{'0000': 1024},"{'0011': 4, '0001': 7, '0100': 18, '0110': 14, '0010': 16, '0000': 965}",0.9424
7,13,0,0,0,0.882,30.55,11.73,0.052,"{'0101': 498, '0001': 526}","{'0010': 2, '1111': 10, '1101': 3, '1011': 4, '0000': 11, '1001': 4, '0110': 6, '0011': 9, '0001': 482, '0100': 13, '0111': 12, '0101': 468}",0.9277
9,17,1,0,0,0.928,47.31,33.33,0.125,"{'0001': 508, '0011': 516}","{'1110': 1, '0100': 2, '1100': 4, '1010': 18, '1000': 15, '0010': 14, '0000': 22, '0011': 403, '0001': 411, '1011': 33, '1001': 40, '1101': 16, '1111': 15, '0111': 18, '0101': 12}",0.7949
8,17,0,0,0,0.91,37.18,16.39,0.045,"{'1001': 3, '1111': 141, '1101': 8, '0010': 17, '0101': 133, '1011': 81, '0001': 131, '0011': 7, '0111': 4, '0100': 225, '1000': 15, '1110': 259}","{'0000': 12, '1000': 23, '1001': 11, '0101': 100, '1011': 98, '0010': 23, '1010': 8, '1110': 226, '0100': 199, '1100': 11, '0111': 19, '1101': 17, '1111': 142, '0110': 16, '0011': 14, '0001': 105}",0.8848
6,11,0,0,0,0.891,32.22,30.52,0.077,"{'1011': 207, '1111': 145, '0000': 287, '0100': 385}","{'0111': 10, '1001': 7, '1000': 8, '0101': 18, '1110': 9, '0001': 11, '0011': 11, '1101': 13, '1111': 140, '1011': 191, '1010': 6, '0110': 22, '1100': 10, '0100': 335, '0010': 9, '0000': 224}",0.8691
7,16,0,0,0,0.892,50.96,6.52,0.189,"{'1000': 18, '1001': 43, '1011': 27, '1111': 32, '1101': 32, '0110': 202, '1100': 22, '0100': 201, '0000': 186, '0010': 212, '1010': 26, '1110': 23}","{'1010': 31, '1111': 34, '1101': 41, '1001': 37, '1000': 31, '1110': 25, '0100': 207, '1100': 21, '0110': 161, '1011': 34, '0000': 225, '0010': 177}",0.9189
8,15,1,0,0,0.883,97.18,13.05,0.154,"{'1100': 2, '1111': 382, '1101': 140, '1000': 500}","{'1010': 3, '1001': 2, '0101': 10, '0000': 5, '1100': 19, '0100': 5, '1110': 6, '1000': 448, '0111': 3, '1101': 175, '1111': 347, '0011': 1}",0.915
6,12,0,0,0,0.91,50.38,18.24,0.11,"{'1010': 29, '0010': 496, '0000': 470, '1000': 29}","{'0111': 3, '1001': 6, '0101': 5, '1000': 39, '1110': 4, '0001': 9, '0011': 11, '1101': 1, '1111': 8, '1010': 41, '1100': 5, '0100': 19, '0110': 21, '0010': 433, '0000': 419}",0.8887
9,20,1,1,1,0.999,69.99,40.45,0.046,"{'1010': 15, '0000': 8, '0010': 6, '1000': 20, '0011': 95, '0001': 192, '1001': 446, '1011': 242}","{'0110': 10, '0111': 8, '0000': 33, '1010': 18, '0101': 8, '1011': 189, '0100': 14, '1100': 15, '1000': 34, '1110': 14, '1001': 328, '0011': 113, '0001': 183, '1101': 26, '1111': 14, '0010': 17}",0.8242
9,20,0,0,0,0.888,51.99,38.93,0.182,"{'0010': 8, '0110': 3, '0111': 502, '1010': 511}","{'0100': 1, '1100': 4, '0000': 2, '0110': 18, '1001': 8, '0101': 8, '1011': 38, '0001': 1, '0011': 23, '0111': 405, '1101': 10, '1111': 20, '0010': 20, '1110': 31, '1000': 9, '1010': 426}",0.8223
7,15,0,0,0,0.945,97.91,49.46,0.029,"{'0110': 11, '0000': 22, '1000': 753, '1110': 238}","{'1111': 1, '0101': 1, '0010': 3, '1001': 12, '0111': 11, '0001': 17, '0011': 4, '1011': 1, '0110': 16, '1010': 7, '0100': 10, '1100': 8, '1000': 679, '1110': 210, '0000': 44}",0.9004
7,14,0,0,0,0.884,42.39,13.9,0.082,"{'1100': 278, '1110': 105, '1010': 110, '0110': 118, '0010': 115, '0000': 298}","{'1011': 1, '0101': 1, '0111': 3, '1001': 2, '1111': 4, '1101': 4, '0011': 1, '0001': 4, '0110': 121, '1010': 125, '1000': 6, '0100': 4, '1100': 275, '1110': 100, '0010': 106, '0000': 267}",0.9531
8,14,0,0,0,0.935,94.13,27.16,0.097,"{'0010': 9, '0000': 145, '1010': 870}","{'1001': 3, '0111': 3, '0001': 6, '0011': 15, '0010': 29, '0000': 142, '1100': 2, '0100': 4, '0110': 9, '1110': 17, '1000': 14, '1011': 8, '1010': 772}",0.9014
7,15,0,0,0,0.851,46.06,36.71,0.031,"{'1001': 79, '0011': 158, '1111': 16, '0001': 771}","{'1010': 1, '1110': 2, '0110': 5, '1000': 15, '1111': 15, '1101': 17, '1011': 12, '0000': 21, '0010': 6, '0001': 653, '0011': 148, '0111': 12, '1001': 78, '0101': 20, '1100': 3, '0100': 16}",0.873
9,17,0,0,0,0.875,60.93,26.79,0.179,"{'0110': 204, '0010': 820}","{'0111': 1, '1110': 7, '1111': 13, '1101': 21, '1010': 12, '0101': 7, '1000': 15, '1100': 1, '0100': 23, '0110': 184, '0011': 3, '0001': 19, '1001': 25, '1011': 12, '0000': 40, '0010': 641}",0.8057
6,11,0,0,0,0.945,53.68,6.69,0.041,"{'0000': 6, '0001': 1018}","{'1110': 1, '1001': 5, '0110': 13, '0001': 962, '0100': 8, '0011': 17, '0111': 9, '0000': 9}",0.9453
5,11,0,0,0,0.949,24.44,38.52,0.02,{'0000': 1024},"{'1100': 14, '0100': 11, '1000': 6, '0000': 993}",0.9697
10,23,0,0,0,0.928,45.18,29.19,0.097,"{'1011': 8, '0000': 21, '0110': 37, '1001': 34, '0011': 74, '0001': 64, '1110': 82, '0100': 14, '1100': 41, '1000': 6, '1010': 9, '0111': 174, '1101': 199, '1111': 52, '0101': 165, '0010': 44}","{'0010': 33, '1000': 9, '1011': 10, '1001': 42, '1110': 83, '0000': 24, '0100': 18, '1100': 32, '1010': 20, '0110': 51, '0011': 82, '0001': 70, '1111': 58, '1101': 167, '0101': 171, '0111': 154}",0.9297
9,14,1,1,1,0.904,57.02,13.9,0.054,{'0000': 1024},"{'1001': 2, '1011': 3, '1111': 3, '1101': 1, '0111': 4, '0101': 12, '0001': 23, '0011': 16, '0100': 32, '1100': 17, '1110': 6, '1000': 28, '1010': 7, '0110': 21, '0010': 24, '0000': 825}",0.8057
10,15,0,0,0,0.87,10.72,25.6,0.153,{'1000': 1024},"{'0101': 4, '0110': 2, '1011': 10, '0010': 31, '1111': 5, '1101': 14, '0001': 28, '0011': 7, '0111': 19, '1001': 53, '1100': 48, '0100': 35, '1010': 53, '0000': 78, '1110': 19, '1000': 618}",0.6035
7,18,0,0,0,0.988,41.78,21.26,0.038,"{'0001': 45, '1100': 45, '1000': 121, '1110': 90, '1111': 265, '0101': 122, '1011': 76, '1010': 260}","{'0111': 2, '0010': 1, '0000': 9, '1011': 66, '1001': 5, '0110': 1, '0011': 2, '0001': 52, '0101': 126, '1000': 131, '1110': 77, '0100': 3, '1100': 47, '1101': 2, '1111': 266, '1010': 234}",0.9521
11,22,1,1,1,0.931,68.8,26.64,0.061,"{'0010': 2, '1011': 2, '0011': 64, '1100': 31, '1000': 28, '1110': 98, '1010': 119, '0101': 306, '0110': 93, '0001': 281}","{'1011': 13, '0111': 2, '0000': 13, '0010': 9, '1111': 15, '1101': 5, '1001': 3, '0001': 283, '0011': 71, '1000': 31, '1110': 82, '1010': 113, '1100': 30, '0100': 11, '0110': 79, '0101': 264}",0.9229
7,12,0,0,0,0.949,96.62,30.63,0.039,"{'1000': 1, '0010': 333, '0000': 690}","{'0011': 14, '1001': 9, '1011': 8, '0001': 21, '1010': 16, '1100': 1, '1000': 30, '0010': 290, '0000': 635}",0.9043
11,23,1,0,0,0.957,89.86,19.27,0.032,"{'1010': 19, '1111': 70, '1101': 63, '1011': 46, '0010': 256, '0101': 72, '0011': 83, '0001': 41, '0110': 71, '1110': 222, '0111': 41, '1001': 40}","{'0101': 63, '1011': 39, '1001': 43, '0110': 70, '1010': 55, '1100': 24, '0100': 24, '1000': 14, '1110': 167, '1101': 65, '1111': 79, '0111': 45, '0001': 42, '0011': 73, '0010': 194, '0000': 27}",0.8594
10,23,1,1,1,0.991,96.77,17.6,0.031,"{'1110': 1, '0101': 3, '1111': 1, '1101': 7, '1010': 4, '0010': 8, '0000': 42, '1100': 14, '1000': 61, '0110': 376, '0001': 20, '0011': 164, '0111': 186, '1001': 137}","{'1011': 4, '1110': 11, '0010': 20, '0000': 51, '1111': 16, '1101': 12, '1010': 10, '0101': 4, '1001': 118, '0111': 180, '0001': 23, '0011': 141, '0100': 3, '1100': 15, '1000': 85, '0110': 331}",0.9092
9,18,0,0,0,0.992,15.47,19.92,0.008,"{'1010': 14, '1011': 12, '0011': 24, '1000': 131, '0010': 23, '0000': 356, '1001': 105, '0001': 359}","{'1110': 5, '1010': 26, '0101': 25, '1011': 33, '1001': 102, '0001': 273, '0011': 38, '0111': 14, '0110': 25, '0100': 31, '1100': 12, '1000': 112, '1111': 6, '1101': 17, '0010': 24, '0000': 281}",0.8213
10,22,1,1,1,0.917,23.25,48.96,0.166,"{'1000': 511, '0000': 513}","{'0101': 1, '1001': 4, '1010': 6, '1011': 2, '0100': 3, '0110': 3, '0011': 3, '0001': 2, '1111': 4, '0010': 6, '0000': 498, '1000': 492}",0.9668
5,9,0,0,0,0.891,37.52,29.17,0.061,{'0001': 1024},"{'0110': 1, '1010': 1, '1011': 2, '0111': 9, '1000': 5, '0100': 21, '1100': 5, '1110': 1, '1101': 8, '1111': 8, '0011': 14, '0001': 832, '1001': 35, '0010': 6, '0000': 36, '0101': 40}",0.8125
9,21,0,0,0,0.891,18.86,28.23,0.031,"{'0111': 28, '1110': 10, '1100': 3, '0100': 17, '1001': 73, '0101': 21, '1010': 98, '0110': 24, '0011': 175, '0001': 96, '1101': 6, '1111': 20, '0000': 86, '0010': 162, '1000': 52, '1011': 153}","{'1100': 9, '0100': 23, '1110': 13, '0110': 31, '1000': 50, '0101': 37, '0011': 185, '0001': 103, '1010': 102, '0000': 69, '0010': 148, '1101': 6, '1111': 20, '0111': 38, '1011': 110, '1001': 80}",0.9258
6,16,0,0,0,0.906,64.13,23.56,0.074,"{'0100': 365, '0001': 137, '0011': 143, '0110': 379}","{'1111': 1, '0000': 4, '1011': 3, '0101': 3, '1110': 9, '0100': 375, '1100': 7, '0010': 6, '1001': 3, '0110': 334, '0011': 131, '0001': 142, '0111': 6}",0.9443
8,20,0,0,0,0.994,29.37,35.38,0.103,"{'0110': 85, '1110': 109, '1111': 415, '0111': 415}","{'1010': 2, '1000': 2, '0010': 5, '1001': 6, '0101': 7, '0000': 2, '1011': 7, '0001': 7, '0011': 11, '1101': 6, '1111': 373, '0111': 392, '0110': 89, '0100': 4, '1100': 3, '1110': 108}",0.9355
8,14,0,0,0,0.871,53.97,16.38,0.094,"{'0000': 50, '1000': 974}","{'1001': 16, '1010': 7, '0001': 10, '1111': 9, '0000': 57, '1000': 925}",0.9521
8,16,0,0,0,0.995,38.2,8.0,0.023,"{'1001': 12, '1011': 62, '1010': 58, '0000': 43, '0101': 124, '0110': 84, '1100': 74, '0100': 119, '0001': 45, '1000': 84, '1110': 100, '1101': 64, '1111': 70, '0111': 85}","{'0010': 3, '1010': 43, '1001': 18, '1011': 45, '0000': 63, '1000': 67, '0100': 151, '1100': 88, '1110': 94, '0110': 66, '0011': 3, '0001': 45, '0101': 123, '1101': 72, '1111': 59, '0111': 84}",0.916
7,13,0,0,0,0.933,15.07,21.79,0.151,"{'0100': 1, '0001': 541, '1110': 1, '1100': 1, '1001': 30, '1011': 450}","{'1111': 1, '0101': 4, '1001': 29, '1010': 4, '1000': 4, '1100': 1, '1110': 6, '0000': 7, '1011': 457, '0100': 1, '0001': 510}",0.9688
5,11,1,1,1,0.994,50.38,15.02,0.028,"{'0001': 526, '0000': 498}","{'1110': 4, '1011': 2, '0101': 4, '1000': 1, '1100': 2, '0100': 4, '0011': 22, '0001': 461, '0110': 11, '0000': 477, '0010': 16, '1111': 5, '0111': 15}",0.916
5,14,0,0,0,0.988,98.33,12.43,0.129,"{'1001': 13, '0101': 13, '1010': 11, '0010': 4, '0000': 42, '0110': 17, '1100': 1, '0100': 206, '1011': 222, '0111': 252, '0001': 3, '0011': 57, '1000': 183}","{'0010': 10, '0110': 17, '1001': 12, '1010': 16, '0101': 17, '0000': 44, '0011': 60, '0001': 12, '1100': 5, '0100': 204, '1011': 188, '1101': 4, '1111': 7, '0111': 242, '1110': 7, '1000': 179}",0.9502
10,22,0,0,0,0.991,6.97,17.09,0.094,"{'0111': 270, '0011': 243, '0101': 511}","{'1001': 1, '1000': 1, '1010': 11, '0110': 11, '1110': 10, '0100': 23, '1100': 10, '1011': 24, '0011': 215, '0001': 10, '0000': 6, '0010': 14, '0111': 206, '0101': 439, '1111': 15, '1101': 28}",0.8398
9,27,0,0,0,0.883,83.76,24.26,0.136,"{'0010': 29, '1001': 7, '1110': 40, '0000': 52, '1111': 48, '1101': 45, '0100': 209, '1100': 39, '1000': 34, '1011': 36, '0001': 66, '0011': 63, '0111': 40, '1010': 90, '0101': 199, '0110': 27}","{'1001': 13, '0000': 42, '0010': 28, '0111': 54, '1010': 69, '1011': 46, '1110': 48, '1000': 24, '0100': 213, '1100': 47, '0011': 67, '0001': 72, '0110': 21, '1101': 61, '1111': 29, '0101': 190}",0.9258
10,19,0,0,0,0.888,22.53,10.95,0.016,"{'1001': 142, '1011': 67, '1111': 191, '0111': 189, '1101': 106, '0010': 84, '0110': 104, '0001': 141}","{'1110': 12, '0000': 9, '1010': 15, '0101': 13, '1011': 70, '1000': 13, '0100': 12, '1100': 15, '0010': 77, '1101': 83, '1111': 186, '0111': 151, '1001': 115, '0110': 78, '0011': 6, '0001': 169}",0.877
5,14,2,2,2,0.97,25.5,10.47,0.099,"{'1011': 14, '1111': 16, '1101': 16, '1010': 14, '0101': 232, '0000': 222, '1100': 15, '0100': 221, '0001': 222, '1000': 20, '1110': 20, '1001': 12}","{'0110': 4, '0010': 4, '1001': 12, '1010': 16, '1011': 14, '1101': 11, '1111': 17, '0111': 5, '0011': 9, '0001': 197, '0100': 240, '1100': 11, '1110': 15, '1000': 18, '0101': 223, '0000': 228}",0.9512
8,14,0,0,0,0.925,66.58,20.76,0.082,"{'1001': 409, '1000': 615}","{'0110': 1, '0111': 7, '0010': 5, '0011': 6, '0001': 12, '1111': 34, '1101': 23, '1011': 8, '1010': 33, '0000': 18, '1110': 11, '0100': 6, '1100': 25, '1000': 499, '1001': 336}",0.8154
8,12,0,0,0,0.99,69.75,18.41,0.127,{'0000': 1024},"{'1110': 1, '0111': 2, '0110': 11, '1000': 27, '0100': 36, '1100': 7, '1001': 13, '1010': 4, '1111': 1, '1101': 5, '0011': 15, '0001': 23, '0000': 822, '0010': 46, '0101': 11}",0.8027
10,21,0,0,0,0.976,40.83,34.59,0.034,"{'1000': 502, '1011': 522}","{'0011': 3, '0010': 5, '0000': 7, '1010': 4, '0001': 6, '1000': 479, '1001': 11, '1011': 509}",0.9648
11,15,0,0,0,0.986,24.15,13.02,0.064,"{'1000': 137, '0000': 887}","{'0111': 2, '1011': 5, '1111': 1, '1101': 1, '1001': 23, '0101': 12, '0001': 37, '0011': 5, '1010': 4, '0110': 1, '1100': 11, '0100': 31, '0000': 734, '0010': 9, '1110': 6, '1000': 142}",0.8506
10,17,0,0,0,0.954,91.16,14.2,0.084,"{'1010': 1, '0111': 9, '0011': 263, '1111': 239, '1110': 250, '0110': 6, '0010': 256}","{'1011': 4, '0101': 3, '1000': 2, '0110': 9, '1001': 4, '1010': 8, '0100': 4, '1100': 11, '1110': 228, '0111': 10, '0001': 10, '0011': 241, '1111': 227, '1101': 20, '0000': 15, '0010': 228}",0.918
5,9,0,0,0,0.961,18.5,47.52,0.092,{'0000': 1024},"{'1010': 5, '0101': 9, '1100': 1, '1000': 7, '0110': 19, '0100': 21, '0001': 23, '0011': 27, '0010': 35, '0000': 877}",0.8564
11,26,0,0,0,0.975,5.24,10.57,0.116,"{'0110': 1, '0111': 4, '0100': 5, '1001': 23, '1000': 29, '1110': 1, '1010': 17, '0010': 35, '0000': 47, '0001': 10, '0011': 115, '1101': 339, '1111': 5, '0101': 229, '1011': 164}","{'1110': 11, '1100': 2, '0100': 12, '1001': 31, '1000': 32, '1010': 15, '0101': 216, '1011': 161, '0000': 56, '0010': 33, '0111': 10, '0011': 79, '0001': 19, '0110': 15, '1111': 15, '1101': 317}",0.9238
7,14,0,0,0,0.944,72.88,21.09,0.076,"{'1000': 1, '0111': 1, '0000': 60, '0010': 73, '1110': 25, '0100': 3, '1100': 35, '0110': 4, '0011': 273, '0001': 276, '1010': 4, '1111': 2, '1101': 131, '1011': 136}","{'0111': 10, '1110': 33, '1000': 12, '0110': 14, '0101': 16, '0100': 12, '1100': 38, '1111': 17, '1101': 124, '1010': 11, '1011': 121, '1001': 23, '0001': 223, '0011': 243, '0010': 66, '0000': 61}",0.8906
10,21,0,0,0,0.939,54.37,47.48,0.165,"{'0001': 20, '1000': 28, '0011': 203, '1111': 252, '1010': 262, '1101': 25, '0000': 25, '0010': 209}","{'1000': 41, '0001': 22, '0011': 183, '1111': 272, '1101': 34, '0000': 24, '0010': 171, '1010': 277}",0.9424
8,15,0,0,0,0.871,30.83,37.54,0.117,"{'0000': 13, '0100': 46, '0001': 965}","{'0100': 44, '0000': 21, '0001': 959}",0.9922
